from_task,to_task
chum-zdt-3,chum-zdt-1
chum-zdt-3,chum-zdt-2
chum-zdt-4,chum-zdt-3
chum-zdt-5,chum-zdt-4
chum-d01d1a,chum-f8d7f7
chum-9df49d,chum-c7e00f
chum-c56861,chum-c7e00f
chum-525df6,chum-dd6bbd
chum-fa1224,chum-9df49d
chum-fa1224,chum-c56861
chum-fa1224,chum-525df6
chum-d99f19,chum-8cde3e
chum-a3e32c,chum-42065f
chum-f368ce,chum-a3e32c
chum-acf5e1,chum-950378
chum-4efaa7,chum-acf5e1
chum-18946f,chum-ef1ac7
chum-8f37df,chum-69a2b4
chum-8f37df,chum-6f02a2
chum-24f7c4,chum-1e3098
chum-24f7c4,chum-8f37df
chum-dae414,chum-8f37df
chum-bb6b5b,chum-24f7c4
chum-9b2a9d,chum-9cc1bc
chum-9b2a9d,chum-ae9843
chum-2faae6,chum-9b2a9d
chum-2a757e,chum-ae9843
chum-e1b4bb,chum-2a757e
chum-e1b4bb,chum-7bfead
chum-2c3d56,chum-2a757e
chum-2c3d56,chum-e1b4bb
chum-421d1f,chum-93414e
chum-d6f2d8,chum-421d1f
chum-7ec903,chum-93414e
chum-fdb87e,chum-421d1f
chum-fdb87e,chum-d6f2d8
chum-874602,chum-421d1f
chum-874602,chum-7ec903
chum-b643c6,chum-fdb87e
chum-b643c6,chum-874602
chum-3e4c96,chum-fdb87e
chum-3e4c96,chum-874602
chum-3e4c96,chum-7ec903
chum-ac3d7d,chum-fdb87e
chum-ac3d7d,chum-874602
chum-ac3d7d,chum-7ec903
chum-342a44,chum-fdb87e
chum-342a44,chum-874602
chum-342a44,chum-7ec903
chum-1bd3e5,chum-874602
chum-1bd3e5,chum-7ec903
chum-c1b6aa,chum-874602
chum-c1b6aa,chum-7ec903
chum-892420,chum-874602
chum-892420,chum-7ec903
chum-ddecf7,chum-b643c6
chum-ddecf7,chum-3e4c96
chum-ddecf7,chum-ac3d7d
chum-ddecf7,chum-342a44
chum-ddecf7,chum-1bd3e5
chum-ddecf7,chum-c1b6aa
chum-ddecf7,chum-892420
chum-279ec6,chum-7ec903
chum-279ec6,chum-3e4c96
chum-279ec6,chum-ac3d7d
chum-279ec6,chum-342a44
chum-279ec6,chum-1bd3e5
chum-279ec6,chum-c1b6aa
chum-279ec6,chum-892420
chum-a9c03e,chum-82c942
chum-a9c03e,chum-b643c6
chum-a9c03e,chum-3e4c96
chum-dabd90,chum-82c942
chum-dabd90,chum-b643c6
chum-dabd90,chum-ddecf7
chum-dabd90,chum-3e4c96
chum-dabd90,chum-1bd3e5
chum-785d89,chum-82c942
chum-785d89,chum-279ec6
chum-6ed1dc,chum-8d8a09
chum-4dad57,chum-6ed1dc
chum-2ff86d,chum-4dad57
chum-d180cf,chum-4dad57
chum-d180cf,chum-2ff86d
chum-c3f49d,chum-928661
chum-f4b38e,chum-d180cf
chum-b18b42,chum-f4b38e
chum-5aff41,chum-e8bff3
chum-928661,chum-b18b42
chum-f93df4,chum-b18b42
chum-cd1f2a,chum-c3f49d
chum-cd1f2a,chum-928661
chum-cd1f2a,chum-f93df4
chum-e2311f,chum-b694bc
chum-26a6bd,chum-b694bc
chum-4f8f59,chum-b1cd31
chum-4f8f59,chum-b694bc
chum-4f8f59,chum-e2311f
chum-4f8f59,chum-26a6bd
chum-d8a718,chum-e2311f
chum-98e61b,chum-e388d4
chum-3427e9,chum-4f8f59
chum-3427e9,chum-d8a718
